{"lr-Adam": 0.000140625, "trainer/global_step": 230, "_runtime": 2253, "_timestamp": 1630505231, "_step": 52, "train_loss": 0.7368741631507874, "train_f1": 0.1818181872367859, "mu ": 0.3539488613605499, "epoch": 6, "val_loss": 1.0117466449737549, "val_f1": 0.19285987317562103}