{"train_loss": 0.06009505316615105, "train_f1": 0.0, "mu ": 0.4336106777191162, "epoch": 0, "trainer/global_step": 9, "_runtime": 52, "_timestamp": 1629865033, "_step": 0}