{"lr-Adam": 0.005, "trainer/global_step": 179, "_runtime": 1103, "_timestamp": 1630496841, "_step": 40, "train_loss": 0.8461254239082336, "train_f1": 0.2222222238779068, "mu ": 0.37677279114723206, "epoch": 5, "val_loss": 1.063588261604309, "val_f1": 0.2392078936100006}