{"train_loss": 0.8202804327011108, "train_f1": 0.17391304671764374, "mu ": 0.3819192945957184, "epoch": 3, "trainer/global_step": 109, "_runtime": 613, "_timestamp": 1630059799, "_step": 13, "val_loss": 1.1432137489318848, "val_f1": 0.17095021903514862}