{"train_loss": 0.7304489016532898, "train_f1": 0.736842155456543, "mu ": 0.4335085153579712, "epoch": 3, "trainer/global_step": 131, "_runtime": 737, "_timestamp": 1629795524, "_step": 16, "val_loss": 0.9530620574951172, "val_f1": 0.22199440002441406}