{"lr-Adam": 9.38748033764774e-07, "trainer/global_step": 861, "_runtime": 6913, "_timestamp": 1630576922, "_step": 198, "train_loss": 0.7724787592887878, "train_f1": 0.5454545617103577, "mu ": 0.3726889193058014, "epoch": 26, "val_loss": 0.9780382513999939, "val_f1": 0.3133702576160431, "test_loss": 1.1069358587265015, "test_f1": 0.2925528585910797, "_wandb": {"runtime": 6914}}