{"train_loss": 1.0837520360946655, "train_f1": 0.19354838132858276, "mu ": 0.4135463833808899, "epoch": 2, "trainer/global_step": 95, "_runtime": 574, "_timestamp": 1630057377, "_step": 11, "val_loss": 1.1333067417144775, "val_f1": 0.13433952629566193}