{"lr-Adam": 0.005, "trainer/global_step": 33, "_runtime": 202, "_timestamp": 1630497603, "_step": 6, "train_loss": 1.0742703676223755, "train_f1": 0.4651162326335907, "mu ": 0.40843406319618225, "epoch": 0, "val_loss": 1.0558738708496094, "val_f1": 0.22120681405067444, "_wandb": {"runtime": 356}}