{"train_loss": 0.6557883024215698, "train_f1": 0.1818181872367859, "mu ": 0.3922565281391144, "epoch": 4, "trainer/global_step": 139, "_runtime": 796, "_timestamp": 1630399474, "_step": 17, "val_loss": 1.2116299867630005, "val_f1": 0.17063000798225403}