{"train_loss": 0.8677005171775818, "train_f1": 0.11999999731779099, "mu ": 0.3980685770511627, "epoch": 3, "trainer/global_step": 109, "_runtime": 658, "_timestamp": 1630398652, "_step": 13, "val_loss": 1.14739990234375, "val_f1": 0.03279845416545868}