{"train_loss": 1.3829469680786133, "train_f1": 0.4067796766757965, "mu ": 0.4093846380710602, "epoch": 2, "trainer/global_step": 89, "_runtime": 505, "_timestamp": 1630397866, "_step": 10, "val_loss": 1.0649518966674805, "val_f1": 0.029053309932351112}