{"train_loss": 0.4049200415611267, "train_f1": 0.2857142984867096, "mu ": 0.39002957940101624, "epoch": 4, "trainer/global_step": 139, "_runtime": 756, "_timestamp": 1629889968, "_step": 17, "val_loss": 1.4702708721160889, "val_f1": 0.04449557140469551}