{"val_loss": 5.588808059692383, "val_f1": 0.06779661029577255, "epoch": 299, "trainer/global_step": 299, "_runtime": 468, "_timestamp": 1630397314, "_step": 329, "train_loss": 0.18420390784740448, "train_f1": 1.0, "mu ": 0.5069774985313416}