{"val_loss": 0.9225400686264038, "val_f1": 0.12685443460941315, "epoch": 0, "trainer/global_step": 33, "_runtime": 191, "_timestamp": 1629927598, "_step": 0}