{"lr-Adam": 0.005, "trainer/global_step": 89, "_runtime": 1781, "_timestamp": 1630502806, "_step": 19, "train_loss": 1.310844898223877, "train_f1": 0.24000000953674316, "mu ": 0.3637310266494751, "epoch": 2, "val_loss": 1.0728034973144531, "val_f1": 0.11655064672231674}