{"lr-Adam": 2.0500514515695402e-13, "trainer/global_step": 2240, "_runtime": 13587, "_timestamp": 1630549091, "_step": 518, "train_loss": 0.5228937268257141, "train_f1": 0.3529411852359772, "mu ": 0.3247935473918915, "epoch": 69, "val_loss": 0.98301762342453, "val_f1": 0.27266940474510193, "test_loss": 1.0677604675292969, "test_f1": 0.2638264000415802, "_wandb": {"runtime": 13589}}