{"lr-Adam": 0.005, "trainer/global_step": 89, "_runtime": 958, "_timestamp": 1630490380, "_step": 19, "train_loss": 1.0905522108078003, "train_f1": 0.34285715222358704, "mu ": 0.37930989265441895, "epoch": 2, "val_loss": 1.0012110471725464, "val_f1": 0.23135876655578613}