{"train_loss": 0.6497941017150879, "train_f1": 0.1111111044883728, "mu ": 0.41109055280685425, "epoch": 5, "trainer/global_step": 189, "_runtime": 1462, "_timestamp": 1629894254, "_step": 23, "val_loss": 1.2854247093200684, "val_f1": 0.18353433907032013}