{"val_loss": 0.7850792407989502, "val_f1": 0.2849448025226593, "epoch": 4, "trainer/global_step": 169, "_runtime": 5736, "_timestamp": 1629926754, "_step": 7, "train_loss": 0.6684866547584534, "train_f1": 0.13333334028720856, "mu ": 0.41854211688041687}