{"lr-Adam": 0.005, "trainer/global_step": 29, "_runtime": 204, "_timestamp": 1630497143, "_step": 6, "train_loss": 0.9645261168479919, "train_f1": 0.1785714328289032, "mu ": 0.39500516653060913, "epoch": 0, "val_loss": 0.9908502101898193, "val_f1": 0.1952807605266571, "_wandb": {"runtime": 361}}