{"val_loss": 1.2336028814315796, "val_f1": 0.14147932827472687, "epoch": 36, "trainer/global_step": 1119, "_runtime": 6901, "_timestamp": 1629995530, "_step": 58, "train_loss": 1.0025568008422852, "train_f1": 0.555555522441864, "mu ": 0.467282772064209, "test_loss": 1.4155470132827759, "test_f1": 0.19377762079238892, "_wandb": {"runtime": 6902}}