{"train_loss": 0.4772108197212219, "train_f1": 0.1250000149011612, "mu ": 0.4178047180175781, "epoch": 3, "trainer/global_step": 119, "_runtime": 633, "_timestamp": 1629868556, "_step": 14, "val_loss": 0.7116040587425232, "val_f1": 0.13784298300743103}