{"train_loss": 1.2137428522109985, "train_f1": 0.1785714328289032, "mu ": 0.41350021958351135, "epoch": 0, "trainer/global_step": 31, "_runtime": 197, "_timestamp": 1630057720, "_step": 3, "val_loss": 1.1657806634902954, "val_f1": 0.11661212146282196}