{"train_loss": 4.809952735900879, "train_f1": 0.0, "mu ": 0.4048852324485779, "epoch": 0, "trainer/global_step": 19, "_runtime": 84, "_timestamp": 1629889160, "_step": 1}