{"train_loss": 0.060194000601768494, "train_f1": 0.19999998807907104, "mu ": 0.4434293210506439, "epoch": 3, "trainer/global_step": 131, "_runtime": 746, "_timestamp": 1629866182, "_step": 16, "val_loss": 0.47895732522010803, "val_f1": 0.036859180778265}