{"lr-Adam": 6.782230728489993e-05, "trainer/global_step": 469, "_runtime": 9572, "_timestamp": 1630521318, "_step": 107, "train_loss": 0.8109992742538452, "train_f1": 0.46666666865348816, "mu ": 0.33940285444259644, "epoch": 14, "val_loss": 0.9338592290878296, "val_f1": 0.2850550413131714}