{"train_loss": 0.8276485204696655, "train_f1": 0.2222222238779068, "mu ": 0.3190186321735382, "epoch": 5, "trainer/global_step": 203, "_runtime": 2418, "_timestamp": 1629892416, "_step": 25, "val_loss": 1.2922824621200562, "val_f1": 0.07566704601049423}