{"lr-Adam": 1.9158123138056613e-06, "trainer/global_step": 853, "_runtime": 6915, "_timestamp": 1630569882, "_step": 195, "train_loss": 0.9289014339447021, "train_f1": 0.5714285969734192, "mu ": 0.34640640020370483, "epoch": 25, "val_loss": 1.031916618347168, "val_f1": 0.3710198998451233, "test_loss": 1.093010425567627, "test_f1": 0.2482343167066574, "_wandb": {"runtime": 6916}}