{"train_loss": 1.135269045829773, "train_f1": 0.3478260636329651, "mu ": 0.4134756028652191, "epoch": 2, "trainer/global_step": 99, "_runtime": 1383, "_timestamp": 1629895716, "_step": 11, "val_loss": 1.251823902130127, "val_f1": 0.20884856581687927}