{"train_loss": 0.9459168314933777, "train_f1": 0.3265305757522583, "mu ": 0.41424044966697693, "epoch": 6, "trainer/global_step": 244, "_runtime": 1305, "_timestamp": 1630061142, "_step": 30, "val_loss": 1.1707103252410889, "val_f1": 0.12864798307418823}