{"val_loss": 0.9278666973114014, "val_f1": 0.22426317632198334, "epoch": 102, "trainer/global_step": 3501, "_runtime": 19462, "_timestamp": 1629920903, "_step": 172, "train_loss": 0.44232115149497986, "train_f1": 0.64000004529953, "mu ": 0.579796552658081, "_wandb": {"runtime": 19463}}