{"train_loss": 1.681118130683899, "train_f1": 0.1587301641702652, "mu ": 0.4161067008972168, "epoch": 0, "trainer/global_step": 9, "_runtime": 226, "_timestamp": 1630484270, "_step": 0}