{"train_loss": 0.9728477001190186, "train_f1": 0.0317460298538208, "mu ": 0.5007166862487793, "epoch": 2, "trainer/global_step": 79, "_runtime": 432, "_timestamp": 1629867886, "_step": 9, "val_loss": 0.8964661955833435, "val_f1": 0.10785270482301712}