{"lr-Adam": 1.8562115921017534e-08, "trainer/global_step": 1231, "_runtime": 7297, "_timestamp": 1630528761, "_step": 283, "train_loss": 0.5518460273742676, "train_f1": 0.0833333358168602, "mu ": 0.36734840273857117, "epoch": 37, "val_loss": 1.0796000957489014, "val_f1": 0.2803705334663391, "_wandb": {"runtime": 7299}}