{"lr-Adam": 0.0016806999999999992, "trainer/global_step": 209, "_runtime": 1699, "_timestamp": 1631117357, "_step": 46, "train_loss": 1.5036351680755615, "train_f1": 0.5, "mu ": 0.33079102635383606, "epoch": 5, "val_loss": 1.0140111446380615, "val_f1": 0.45103690028190613}