{"val_loss": 2.2623496055603027, "val_f1": 0.0, "epoch": 126, "trainer/global_step": 126, "_runtime": 206, "_timestamp": 1629892681, "_step": 138, "train_loss": 0.32143154740333557, "train_f1": 1.0, "mu ": 0.43460705876350403}