{"train_loss": 0.7665603160858154, "train_f1": 0.875, "mu ": 0.3751215636730194, "epoch": 13, "trainer/global_step": 479, "_runtime": 2620, "_timestamp": 1630437754, "_step": 60, "val_loss": 1.0642070770263672, "val_f1": 0.2698953151702881}