{"train_loss": 0.18452906608581543, "train_f1": 0.1818181872367859, "mu ": 0.41428443789482117, "epoch": 5, "trainer/global_step": 189, "_runtime": 3927, "_timestamp": 1629888850, "_step": 23, "val_loss": 0.22038958966732025, "val_f1": 0.0}