{"val_loss": 1.6242687702178955, "val_f1": 0.20321021974086761, "epoch": 142, "trainer/global_step": 5000, "_runtime": 27096, "_timestamp": 1629955015, "_step": 242, "train_loss": 0.2685009837150574, "train_f1": 0.9333333373069763, "mu ": 0.6124428510665894, "_wandb": {"runtime": 27097}}