{"val_loss": 1.2610862255096436, "val_f1": 0.1630091518163681, "epoch": 29, "trainer/global_step": 939, "_runtime": 5600, "_timestamp": 1629901413, "_step": 47, "train_loss": 0.6060174107551575, "train_f1": 0.1538461595773697, "mu ": 0.45782357454299927, "_wandb": {"runtime": 5601}}