{"train_loss": 0.6783936023712158, "train_f1": 0.5185185074806213, "mu ": 0.33441922068595886, "epoch": 13, "trainer/global_step": 469, "_runtime": 2916, "_timestamp": 1630488476, "_step": 59, "val_loss": 1.0430939197540283, "val_f1": 0.33089473843574524}